image_name,object_type,object_x,object_y,object_angle
camera_image_1.png,cube,0.19937237723818618,-0.038545760075357316,-0.10616648411531127
camera_image_2.png,cube,-0.15009296018842302,0.19334698034715048,-0.4637373198246501
camera_image_2.png,cube,-0.007177511084757254,-0.10378983286285126,0.2656016542371966
camera_image_2.png,cylinder,0.08197981412207112,0.1798447040722959,0.0
camera_image_3.png,cube,-0.03819691498883354,0.16417220324839688,-0.23451507847210873
camera_image_3.png,cube,-0.15370746147014774,0.13112666716172755,0.22009506778698107
camera_image_3.png,cylinder,-0.17321968504221227,0.0016938091090103191,0.0
camera_image_3.png,cube,-0.0228111403898254,0.04613263263118267,0.09315471300432976
camera_image_4.png,cube,0.19491035635596282,0.09991520196614817,-0.487144312794763
camera_image_4.png,cube,0.04081742171484656,-0.09517082011025063,0.6438140145658031
camera_image_5.png,cube,0.026089843439948524,0.10502566601810959,-0.40136902966690247
camera_image_5.png,cylinder,0.11315428591284821,-0.09640298780951975,0.0
camera_image_5.png,cylinder,-0.03192642660171266,0.1959040886491909,0.0
camera_image_5.png,cube,-0.06902586760950777,0.010401507409123267,-0.1286030980535554
camera_image_6.png,cylinder,-0.18269445175677834,0.07428977231550965,0.0
camera_image_6.png,cylinder,-0.03114515088769937,0.14943951165385583,0.0
camera_image_6.png,cube,0.016101784787350276,0.01291262017146369,-0.12742687652642082
camera_image_6.png,cube,-0.007551704768817891,-0.12919002786250955,0.7293042367192484
camera_image_6.png,cylinder,-0.11556016994950494,-0.09846581199635099,0.0
camera_image_7.png,cylinder,0.19504835164872814,-0.13383460058661623,0.0
camera_image_7.png,cube,-0.10041505343201323,0.1950551714372123,0.027832758034809224
camera_image_7.png,cylinder,0.07065425342003451,0.03351301668390763,0.0
camera_image_7.png,cylinder,-0.18323667578544814,-0.051953873326037486,0.0
camera_image_7.png,cube,0.15301630242279718,0.16813334160920812,-0.4291999424872197
camera_image_8.png,cube,0.020913088603687513,0.0670920710434611,-0.4286474348889253
camera_image_8.png,cylinder,-0.09160172024856994,-0.07024846628665832,0.0
camera_image_8.png,cube,-0.13053035377339772,-0.1987068158234732,-0.4306431060302633
camera_image_8.png,cylinder,0.005783871664667123,-0.1428850318028575,0.0
camera_image_9.png,cube,-0.1925137015725229,0.12785603669903645,0.09989774378654959
camera_image_9.png,cylinder,-0.16076375795423314,-0.18961226181818502,0.0
camera_image_10.png,cube,0.06432967738658552,-0.11618245912331125,0.714419204759432
camera_image_10.png,cube,0.07883390962601294,0.16828729604953235,-0.5574228411809028
camera_image_10.png,cube,0.031641716327402175,0.05815516178009833,0.32359347333247346
camera_image_10.png,cylinder,0.18193209048988773,-0.1468810212255594,0.0
camera_image_10.png,cube,-0.15315112199792,0.023159154536360027,-0.0013204843945665568
camera_image_11.png,cylinder,-0.13748022980320931,0.198075514732237,0.0
camera_image_11.png,cylinder,0.06971520002076181,0.11037093356910471,0.0
camera_image_12.png,cylinder,0.17758315727938856,0.14025950140464194,0.0
camera_image_12.png,cube,-0.12233787709786902,0.15954393101772096,-0.4612258864968773
camera_image_12.png,cube,-0.13063896240930062,0.04302416541406462,0.6898626612939245
camera_image_12.png,cylinder,0.0260246401231205,-0.1570233646373671,0.0
camera_image_13.png,cylinder,0.13006604279304085,0.07218352599663203,0.0
camera_image_13.png,cube,-0.08481719822701472,0.10264796460365366,0.3511311982547942
camera_image_14.png,cube,0.11926203484753434,0.02244357659648405,-0.12471663853530812
camera_image_14.png,cube,-0.14947404902309125,0.1674112424066378,0.286387852953335
camera_image_14.png,cube,0.03159794727058479,-0.07765366960810227,-0.7385678141385826
camera_image_15.png,cylinder,0.16142347552336667,-0.19819042373710882,0.0
camera_image_15.png,cube,-0.17560590651477007,0.046990037781269145,-0.22399696492630183
camera_image_16.png,cylinder,0.0985063536951919,-0.19830522740687068,0.0
camera_image_16.png,cylinder,-0.16560621205360382,0.06547668291044151,0.0
camera_image_16.png,cube,0.05056652540421702,-0.0003950077599465529,-0.23735354896053207
camera_image_16.png,cylinder,0.018875454832336158,-0.12467951824707701,0.0
camera_image_17.png,cylinder,0.18121714916329107,0.16264961625479546,0.0
camera_image_17.png,cylinder,0.057075017776460124,-0.07618813547283732,0.0
camera_image_17.png,cylinder,-0.13985733678049625,0.15432205119535164,0.0
camera_image_17.png,cube,0.141313474662084,0.04198369345260308,0.5551909816272276
camera_image_18.png,cube,0.037342310019508496,0.02941464310176084,-0.5493029765523894
camera_image_18.png,cylinder,-0.15974764535273822,0.06590592982333499,0.0
camera_image_18.png,cylinder,0.025374216346509604,-0.10618160409274316,0.0
camera_image_19.png,cube,0.049405348047040165,0.10166469247456833,0.26539792532283424
camera_image_20.png,cylinder,-0.15469359972112826,0.19434751439149794,0.0
camera_image_20.png,cylinder,0.07944459535884502,-0.03883729024887095,0.0
camera_image_20.png,cube,0.16653653869651264,0.12223400270380963,0.4703998676232597
camera_image_20.png,cylinder,-0.0037075149970828003,-0.09933524173316606,0.0
camera_image_21.png,cylinder,0.061237307567559296,0.18863487630744236,0.0
camera_image_21.png,cylinder,0.1805224214074394,0.13693944655913431,0.0
camera_image_21.png,cylinder,0.1055826391518756,-0.03216610203854167,0.0
camera_image_21.png,cylinder,-0.15344464010925407,-0.17123412413783456,0.0
camera_image_21.png,cylinder,-0.06808515334153029,0.018945321608601517,0.0
camera_image_22.png,cylinder,-0.18005312316875224,-0.18012206550451504,0.0
camera_image_22.png,cube,0.08656743414660528,-0.09848453697742543,0.5838249040060122
camera_image_22.png,cylinder,-0.07016936499053822,-0.012252931866279682,0.0
camera_image_23.png,cube,0.17889207508562482,0.05504844223274985,-0.01578016588450959
camera_image_23.png,cylinder,0.05310268499321069,0.011822776422703019,0.0
camera_image_24.png,cylinder,-0.12249373884707389,-0.024008651700482775,0.0
camera_image_24.png,cylinder,-0.1497310616170062,0.1247727548357857,0.0
camera_image_24.png,cube,0.045051087918296595,0.18291998950001054,0.6313688762954481
camera_image_24.png,cylinder,-0.10270536272891531,-0.13702235114204597,0.0
camera_image_25.png,cube,0.17311715427577323,-0.13728159783454685,0.49776746761163904
camera_image_25.png,cube,-0.00898934154110323,-0.05042275172091673,-0.6585882935474577
camera_image_25.png,cube,0.00045378832018844184,-0.15874450431278375,-0.48488164375786236
camera_image_25.png,cube,0.09807269022443699,0.16298023632766295,0.01771017939044328
camera_image_26.png,cube,-0.15395801318348218,0.1987804259582987,0.6308538765337097
camera_image_26.png,cylinder,0.15201674696300094,0.076966387254365,0.0
camera_image_26.png,cylinder,-0.12851012303575698,-0.0783241871333969,0.0
camera_image_26.png,cube,-0.01715609623030323,-0.01912855340254338,-0.5460964908776947
camera_image_27.png,cylinder,-0.09828214150618769,0.18158360575110344,0.0
camera_image_27.png,cube,-0.12890671915730656,0.05678798549179215,0.32748958509435977
camera_image_27.png,cube,0.03709649211242941,-0.12518586511316987,0.05276760135266845
camera_image_27.png,cylinder,0.19760095567534652,-0.10256715440981266,0.0
camera_image_27.png,cylinder,0.14432984738624077,0.038938484635559434,0.0
camera_image_28.png,cylinder,-0.16946013177652564,-0.12878142830947414,0.0
camera_image_28.png,cube,-0.18753940419480195,0.05087689040983112,-0.5333107950441518
camera_image_29.png,cube,0.0993517763158911,0.020264470740439355,-0.1337277293452196
camera_image_29.png,cylinder,-0.08976589942015303,-0.17435900156031697,0.0
camera_image_29.png,cube,0.16898899848012666,-0.08553359955721898,-0.25575461077653405
camera_image_30.png,cylinder,0.08487241592198225,-0.1181643223578881,0.0
camera_image_30.png,cube,-0.07529093487372772,0.1248176095130869,-0.5060341819141467
camera_image_30.png,cylinder,-0.1473659461965273,0.005871708043628576,0.0
camera_image_31.png,cylinder,0.10467342009056785,0.062465756459899935,0.0
camera_image_32.png,cube,0.12705399086193675,0.012674508148330738,-0.5193611435147151
camera_image_32.png,cube,-0.12280896799030666,0.18691882443295282,0.24127343441537774
camera_image_32.png,cube,-0.19843034043996283,-0.12146083162919569,-0.033334967456170705
camera_image_32.png,cube,-0.02027657817260478,0.17689224407786186,-0.45109670860978973
camera_image_32.png,cube,-0.12327213542269191,0.013268221613723069,-0.6014229747708235
camera_image_33.png,cylinder,0.07250035218266387,-0.1680573223715614,0.0
camera_image_33.png,cylinder,-0.19904168886847762,-0.0021122762349629343,0.0
camera_image_34.png,cube,0.039913717863041376,0.07622134329025199,-0.7517120183756758
camera_image_35.png,cube,0.0010869539843357534,-0.08170804204110454,0.5154840034464001
camera_image_35.png,cylinder,0.19236023204539066,0.1893713083990573,0.0
camera_image_36.png,cube,0.13073482035803047,0.09971239757022221,0.6687369695517338
camera_image_36.png,cube,-0.13091600442214327,-0.18432755532062953,-0.13822745051666097
camera_image_36.png,cylinder,0.18461547500546338,-0.1678530702180041,0.0
camera_image_37.png,cylinder,-0.1454339736706199,-0.02071555995662483,0.0
camera_image_38.png,cube,-0.059710854437732136,0.040502915385777966,-0.004247562406566541
camera_image_38.png,cube,-0.1628758375621432,-0.07720496471721239,-0.5754986862882473
camera_image_38.png,cube,0.1506770589186643,-0.04760032629362326,0.5238612653437176
camera_image_38.png,cube,0.06650719791396287,-0.1365540957741147,0.09041240129726158
camera_image_38.png,cylinder,0.18999036821096904,0.09828793508470562,0.0
camera_image_38.png,cylinder,0.17781256091308478,-0.1991790671208119,0.0
camera_image_39.png,cube,-0.1360814425127307,-0.03699010044938561,0.020700946816085808
camera_image_39.png,cylinder,0.18583727645871212,-0.03380275532920435,0.0
camera_image_40.png,cylinder,0.1292571903305541,-0.11166990568187624,0.0
camera_image_41.png,cylinder,-0.09176900169707301,0.07744605526796283,0.0
camera_image_41.png,cube,0.139781187489445,0.1644463797706714,0.6566417628539098
camera_image_42.png,cylinder,-0.18109182182974598,-0.18081690552641383,0.0
camera_image_43.png,cube,0.02931282407420635,0.0738271806151038,-0.33832867504394404
camera_image_43.png,cylinder,-0.07708644388805085,0.012051518410237605,0.0
camera_image_43.png,cylinder,-0.11224855165206238,-0.112391603212502,0.0
camera_image_43.png,cylinder,0.0519726129201753,-0.1149468148021775,0.0
camera_image_44.png,cylinder,-0.034985806708620004,-0.036678157558097446,0.0
camera_image_45.png,cube,-0.038812213828547326,-0.05661544680647343,-0.236172734506078
camera_image_46.png,cube,0.0787755004859253,0.14602295475407406,0.3783170770661961
camera_image_46.png,cylinder,-0.1382718996893081,0.07342422583770852,0.0
camera_image_46.png,cylinder,0.1930938329134208,-0.1109990315921873,0.0
camera_image_46.png,cylinder,-0.08413111932532923,-0.11887279156520557,0.0
camera_image_47.png,cube,0.043326921237537175,0.09975694940479424,-0.5728867024237991
camera_image_47.png,cylinder,0.15648628515300217,-0.009809168585441869,0.0
camera_image_47.png,cylinder,-0.06151669303971033,-0.17243865726396398,0.0
camera_image_47.png,cylinder,-0.1402845645883415,0.17871492826815966,0.0
camera_image_48.png,cube,0.04098119351964971,-0.1859444918015651,-0.19581837861864537
camera_image_48.png,cube,-0.113714506794775,0.07475270975213377,0.22807282556494646
camera_image_48.png,cylinder,-0.19423567667545305,0.18920076618267095,0.0
camera_image_49.png,cylinder,-0.05279315312050567,0.10079163731355423,0.0
camera_image_50.png,cube,-0.02216258146277164,0.183966600327308,0.27980267053086627
camera_image_50.png,cube,-0.164461174218425,0.18450714645937905,0.019084826048531456
camera_image_51.png,cube,-0.08761498833884868,0.16170730604737787,0.03844053285206295
camera_image_51.png,cube,-0.17122128385668814,-0.14415172319956385,-0.3193637518423237
camera_image_51.png,cube,-0.03811774916058358,-0.1391732410393429,-0.5926025846845547
camera_image_52.png,cube,-0.15710195333925614,0.06971631639683568,-0.7335590439429348
camera_image_53.png,cube,-0.019767519785484217,-0.06966580650431445,0.7609416866960574
camera_image_53.png,cube,0.024434164613924392,0.05035795776000046,0.1988444394679627
camera_image_53.png,cylinder,-0.1605091030889106,-0.03421269116039083,0.0
camera_image_53.png,cylinder,0.1872122675278735,0.16683454003709036,0.0
camera_image_54.png,cube,0.11744027836129228,0.08504624560704344,-0.36332578945068283
camera_image_54.png,cylinder,0.08463914407421119,-0.06022200267863109,0.0
camera_image_54.png,cube,-0.13846047993451827,-0.03508996991972371,-0.26819759329685067
camera_image_55.png,cube,0.14800700976429665,0.09748279154773104,0.1580796620244852
camera_image_56.png,cylinder,-0.03987096760313508,0.17749118103502953,0.0
camera_image_56.png,cylinder,0.18848305536102072,0.1736950776283096,0.0
camera_image_57.png,cylinder,-0.0608872335118916,-0.1306252392389582,0.0
camera_image_57.png,cylinder,0.064459554482724,0.06286084358603694,0.0
camera_image_57.png,cylinder,0.11683516186165543,-0.045384989566608136,0.0
camera_image_57.png,cube,0.1467770338093468,-0.15660192679681662,-0.6103698494463107
camera_image_58.png,cylinder,0.11024898490913859,-0.16415980244569472,0.0
camera_image_58.png,cylinder,-0.1781765259265744,0.04541092561871016,0.0
camera_image_58.png,cube,0.19393800748442613,-0.10247778855150216,-0.41526437096085467
camera_image_59.png,cylinder,-0.07192570996197986,-0.047134764293252696,0.0
camera_image_59.png,cube,0.023899469191533573,-0.14512061922002945,-0.15344423501362647
camera_image_59.png,cylinder,-0.033224922905582016,0.07564091982578475,0.0
camera_image_59.png,cylinder,-0.13512237342457872,0.09521701805644722,0.0
camera_image_60.png,cube,-0.1116743872668141,-0.17598696984215875,-0.4536184749249601
camera_image_60.png,cylinder,0.09736674741123369,0.08404070829956733,0.0
camera_image_60.png,cube,0.17904465189287383,0.006122398528529555,0.0462951455898607
camera_image_60.png,cube,-0.15159193300826526,-0.04373346740905548,0.25349596269768426
camera_image_60.png,cylinder,-0.11465503197764809,0.08836150803185289,0.0
camera_image_61.png,cube,-0.016652324937319524,0.09622454803559444,-0.44960229027334925
camera_image_61.png,cube,0.1867355729933879,0.15915004256173476,0.5436248132057906
camera_image_61.png,cube,0.14326698570660068,0.03863847092113418,0.1307637920632635
camera_image_62.png,cube,-0.018698406920498678,0.14004332956589677,0.2757427064306688
camera_image_63.png,cube,0.1232042746285752,0.17792635579338256,0.0693600821310204
camera_image_63.png,cylinder,0.12978636521957715,-0.048308046315687664,0.0
camera_image_63.png,cube,-0.13119483999707532,0.0872497121225207,-0.04026249044507568
camera_image_63.png,cube,0.04998709302941412,-0.14910895321969841,0.08732451513239137
camera_image_64.png,cylinder,0.17719298389339289,-0.1602317456599748,0.0
camera_image_64.png,cube,0.09704559087318476,-0.06716845558638959,-0.08793846973020136
camera_image_64.png,cube,-0.015636208980564975,-0.18064512655973292,0.06651057004452643
camera_image_64.png,cube,0.1460064486407875,0.06095498674569522,0.44501724514502183
camera_image_65.png,cylinder,0.04399818540099565,-0.19114498439920397,0.0
camera_image_65.png,cube,0.19716567041341038,-0.12892649518262556,0.3530239087506537
camera_image_65.png,cube,-0.12058174156729683,-0.1930504237781876,-0.6631636367661373
camera_image_65.png,cube,0.12020385082710311,0.138307634957282,-0.5550201516421905
camera_image_66.png,cube,-0.1053649391639837,0.10650588924414611,0.032122820706162014
camera_image_67.png,cylinder,0.0682310595439809,-0.1912468336722311,0.0
camera_image_67.png,cylinder,-0.19283357068509335,0.16144790610171456,0.0
camera_image_67.png,cube,-0.15760303476854476,-0.19067022087397204,-0.665539463514226
camera_image_68.png,cube,0.025193476697081746,0.15137117196580202,-0.3214947658778313
camera_image_69.png,cylinder,-0.018397146751985755,-0.12059957989793607,0.0
camera_image_69.png,cylinder,-0.1647200524352006,-0.19493100587565332,0.0
camera_image_69.png,cube,-0.07497783780941361,0.19244433556889445,-0.6030920049642444
camera_image_70.png,cylinder,-0.12197588510797984,0.17850039514184157,0.0
camera_image_70.png,cube,0.1308845830172058,-0.01798287521576661,-0.23912829375303357
camera_image_71.png,cube,0.0031266621500856684,0.1536790350643164,-0.726536900163105
camera_image_71.png,cylinder,-0.0003981290762549994,-0.14687953815223198,0.0
camera_image_72.png,cylinder,0.001063348824292737,-0.10444127488576888,0.0
camera_image_73.png,cube,0.032483116205966084,0.09114908030048507,-0.7016811280486578
camera_image_73.png,cylinder,0.13331797401001966,-0.1826677590607235,0.0
camera_image_74.png,cube,0.06966829078679099,-0.1512244423704059,-0.767047665478867
camera_image_75.png,cylinder,-0.13605630841480867,-0.1792768714494748,0.0
camera_image_75.png,cube,0.048589223667579784,0.08380841954886253,0.7852765281723992
camera_image_75.png,cube,-0.04236317960578262,0.15945682735141753,0.7215680384721217
camera_image_76.png,cube,0.16566828436397057,-0.04397412680308799,-0.18302904706916245
camera_image_76.png,cube,-0.12557001739305712,0.15969929908565733,-0.08102878159562421
camera_image_77.png,cylinder,-0.1722093859269961,-0.13671511815939552,0.0
camera_image_78.png,cylinder,0.07863641954145562,0.14213326430841372,0.0
camera_image_78.png,cylinder,-0.1397384308801958,0.03618870022170265,0.0
camera_image_78.png,cylinder,0.008118079132007683,0.039011061361691024,0.0
camera_image_79.png,cylinder,-0.06559058535014431,0.10688376293573798,0.0
camera_image_79.png,cube,0.09628739223814853,-0.17503280726467996,0.46699557042848716
camera_image_79.png,cube,0.126026773763385,-0.07195951155013888,-0.12159763431922688
camera_image_80.png,cube,0.16849488680650904,-0.13772837225211487,0.13853337729856863
camera_image_80.png,cylinder,-0.0798855759652568,0.12650464402538225,0.0
camera_image_81.png,cube,0.02010714848515968,-0.06866081713628108,-0.3759096535722757
camera_image_82.png,cube,-0.06868365725661124,0.10638245539744023,-0.7838416353458266
camera_image_82.png,cube,-0.18605326063707858,0.11299027826501801,0.5759488370723242
camera_image_83.png,cube,-0.10669469792685651,-0.18612969764258516,-0.7243865930178627
camera_image_83.png,cylinder,0.054062989998567235,0.189463584550435,0.0
camera_image_83.png,cylinder,-0.14777671212821075,0.08689011229559224,0.0
camera_image_84.png,cube,0.13454324508779714,-0.16376658627336593,0.3625649065933356
camera_image_84.png,cube,-0.14198098102943657,0.0458530894388863,0.12854773890846993
camera_image_85.png,cylinder,0.0925937391157029,-0.194580259186275,0.0
camera_image_85.png,cube,-0.17600422167220076,-0.03603114286235662,-0.6170937149550735
camera_image_85.png,cylinder,0.08453985743847936,0.06320934009087803,0.0
camera_image_85.png,cylinder,-0.05808322998221871,0.08700643057604107,0.0
camera_image_86.png,cube,0.07049815436433782,-0.193551583567953,-0.2851748494837455
camera_image_86.png,cube,0.06480671044051833,-0.06464388748652974,0.27978004042333415
camera_image_87.png,cylinder,-0.054563525793653284,-0.11032573711770009,0.0
camera_image_87.png,cylinder,0.133128107642828,-0.17305521652745748,0.0
camera_image_87.png,cube,-0.14734706331451297,-0.19633032225744948,0.5458437597710251
camera_image_88.png,cylinder,-0.1250084032784372,-0.14483982878530288,0.0
camera_image_88.png,cube,0.06323654397341583,-0.18661141781897694,0.2589369965004438
camera_image_88.png,cube,-0.14483461195988126,-0.034699063419000614,0.04178713943759149
camera_image_88.png,cylinder,0.10651135844332615,0.10682892694666218,0.0
camera_image_89.png,cylinder,0.12812111733060882,-0.085571830478473,0.0
camera_image_89.png,cube,0.17026048831054175,0.005533415663472319,-0.3653347321387252
camera_image_89.png,cylinder,0.03598543401894155,0.005519473846852169,0.0
camera_image_89.png,cube,0.004780239939962655,0.1509848962981698,-0.3789669367440071
camera_image_90.png,cylinder,0.16643146568178108,0.08973876026085276,0.0
camera_image_90.png,cylinder,-0.17788133070276047,0.08509422876711847,0.0
camera_image_91.png,cube,0.016908573024145473,-0.18973844969403877,0.45864288447574997
camera_image_91.png,cube,-0.14662010059535224,0.09243092118282814,0.3284470304519169
camera_image_91.png,cube,0.06576600483563028,-0.019621842008202023,-0.6877467841496562
camera_image_92.png,cube,-0.02237279667742159,-0.16964195166853757,-0.38903463421672085
camera_image_92.png,cube,0.18507739112182314,-0.08971091452944085,0.22232851958235855
camera_image_93.png,cylinder,-0.043927151957319666,0.10178867756343246,0.0
camera_image_93.png,cylinder,-0.15520265893202226,0.148550205410592,0.0
camera_image_93.png,cylinder,-0.09832935843365487,-0.08231229545841985,0.0
camera_image_94.png,cylinder,0.09000513957740364,-0.021099732585393605,0.0
camera_image_94.png,cylinder,-0.15559629412073062,-0.09452461365726986,0.0
camera_image_95.png,cylinder,-0.05522349325130271,0.05105951203797432,0.0
camera_image_96.png,cylinder,-0.06058020111173823,-0.055738374907544186,0.0
camera_image_96.png,cylinder,-0.17579336899644302,0.1255689049042532,0.0
camera_image_96.png,cube,-0.014471151325757436,0.09675043441647851,-0.25722593676427197
camera_image_96.png,cylinder,0.03986993245871337,-0.18976246484968248,0.0
camera_image_97.png,cube,0.17566697773726792,0.03688782613993222,0.5172247650368771
camera_image_97.png,cylinder,0.0464231337792162,0.050078941363592866,0.0
camera_image_97.png,cube,-0.13268286882012392,-0.13780205062438294,-0.2836035414940682
camera_image_98.png,cube,-0.17173452633808722,0.10112458283310966,-0.6033582610932197
camera_image_99.png,cylinder,-0.06977341443437468,0.010635386929807561,0.0
camera_image_99.png,cylinder,-0.11716248713370679,-0.1331780896168686,0.0
camera_image_99.png,cube,0.18514744426533364,-0.10873651079306167,0.45699290987971564
camera_image_99.png,cube,0.03541577179262578,-0.17245319056266709,-0.5948349845385776
camera_image_99.png,cube,0.12439851925184775,0.04109010472768962,0.41302965758479737
camera_image_100.png,cylinder,0.16790821495011604,-0.108141114015771,0.0
camera_image_100.png,cube,-0.14281986074228561,0.07154116726194026,-0.0704555284938676
camera_image_100.png,cube,0.03078313560531795,0.02022035419924567,0.29678567890808805
camera_image_101.png,cylinder,-0.18695299860511672,-0.046829255157297134,0.0
camera_image_101.png,cylinder,0.006247739043276412,0.06816997894881877,0.0
camera_image_101.png,cube,0.14744489488396623,-0.05797806476837458,0.601046696281401
camera_image_101.png,cube,-0.18874596703017252,0.19254784766903893,0.567657987343378
camera_image_102.png,cube,0.13923126209829784,0.103482055415413,0.6354163970326179
camera_image_102.png,cylinder,-0.07318613781868968,0.17928660794228107,0.0
camera_image_103.png,cylinder,0.19259517795153663,-0.16485038211797468,0.0
camera_image_103.png,cylinder,-0.11291767200649083,-0.1691599108926719,0.0
camera_image_104.png,cube,-0.12508805458563166,0.12228022469698574,-0.6310714776719322
camera_image_104.png,cylinder,0.10430643685960495,0.18605787944121077,0.0
camera_image_104.png,cube,0.023629256653407316,-0.12464515684185931,-0.5943045087885115
camera_image_105.png,cube,-0.054055433607780895,0.1596111097359928,-0.730193131669922
camera_image_106.png,cylinder,0.1986517490765487,0.01963767110143727,0.0
camera_image_106.png,cube,-0.1832440127274848,0.003805187796124848,-0.6390189260092696
camera_image_107.png,cube,-0.08022667254624555,0.09379610038484326,-0.23259091739537863
camera_image_107.png,cube,0.15782745841083318,0.10434950231609114,-0.6829257752496201
camera_image_107.png,cylinder,-0.1583330707983182,-0.15563075918618485,0.0
camera_image_108.png,cylinder,0.09776014939463135,-0.030179761109810105,0.0
camera_image_108.png,cube,-0.05413907151570249,0.15813532067768388,0.15535658574881572
camera_image_108.png,cube,-0.19475028417994278,-0.17005254446875312,-0.41752839137342257
camera_image_108.png,cube,0.02382803641721129,-0.15114459172027242,0.6869512175212154
camera_image_109.png,cylinder,0.1358106353802354,-0.07078161213011627,0.0
camera_image_109.png,cube,-0.06198248890930605,-0.02003446842478454,-0.22199296692759551
camera_image_110.png,cube,0.16354663506315842,0.17617392575254304,-0.16174664022609586
camera_image_111.png,cube,-0.03435255191851705,-0.15977472647795898,-0.5132625211308565
camera_image_111.png,cylinder,-0.0714188572576234,0.1720965170473321,0.0
camera_image_112.png,cylinder,0.015926429687277643,0.1162987647318528,0.0
camera_image_112.png,cylinder,-0.14223331962507801,-0.025017115959365566,0.0
camera_image_112.png,cylinder,0.04509190339122332,-0.054532569688827026,0.0
camera_image_112.png,cylinder,-0.16352827454756658,-0.17474464807382517,0.0
camera_image_113.png,cylinder,0.13434021434865184,0.031315410500386776,0.0
camera_image_113.png,cube,0.03526429864108399,-0.09106667874683785,-0.7797110346251255
camera_image_113.png,cylinder,-0.13080640096278123,-0.0457728489159496,0.0
camera_image_113.png,cylinder,-0.1150894066674701,0.1973448601598371,0.0
camera_image_113.png,cylinder,0.09012318640863692,0.1351377194762819,0.0
camera_image_114.png,cylinder,-0.04073837152507029,-0.14962932327774414,0.0
camera_image_115.png,cube,-0.1455352955374127,-0.13260784423985428,0.21962819701382474
camera_image_115.png,cube,0.1616149541036878,-0.09361361243796372,0.12747822374447626
camera_image_116.png,cylinder,0.0005365872124252768,-0.05576012309393516,0.0
camera_image_116.png,cube,-0.11348523779834574,-0.10535230308389304,-0.6434383306748326
camera_image_117.png,cylinder,-0.1066633661532682,0.07969290604156437,0.0
camera_image_117.png,cylinder,0.10746340045030384,-0.16533481178635034,0.0
camera_image_117.png,cylinder,-0.06292152329839112,-0.18435358667499907,0.0
camera_image_117.png,cylinder,-0.19338556408877233,0.17046710225779804,0.0
camera_image_118.png,cube,0.12458362798876094,-0.18635834105678284,-0.5825283617164803
camera_image_118.png,cube,0.16408727199763334,0.09168167950625339,0.18542546366508872
camera_image_118.png,cube,-0.11159755956480684,-0.00044485920137060653,0.3369759379889308
camera_image_118.png,cube,-0.10660025510692993,0.13877176015703035,0.7382926162414065
camera_image_119.png,cube,0.1363804391453311,-0.0019377904971488447,0.5224893251414116
camera_image_119.png,cube,-0.1518838852291553,-0.18365085241039322,-0.2326170189546123
camera_image_120.png,cylinder,0.16422588629157858,0.15076777173541933,0.0
camera_image_120.png,cube,0.028519577928120793,0.1598710489135261,0.4916801410152365
camera_image_120.png,cube,0.19670855103190182,-0.04208007555446161,0.6493907299617885
camera_image_120.png,cylinder,-0.18340186210134157,0.13003905219167272,0.0
camera_image_120.png,cylinder,-0.06556724999000166,-0.19788141967705677,0.0
camera_image_121.png,cylinder,0.16279380105405555,-0.16222736879966712,0.0
camera_image_122.png,cube,0.11189310801970836,0.03773657700992139,0.5273974557522505
camera_image_123.png,cube,0.15226000797617462,-0.11222127465191939,0.43151472391751744
camera_image_123.png,cube,0.011763921554452106,0.169341005999534,0.5269504687337645
camera_image_123.png,cylinder,0.18998845944989107,0.17563088620317752,0.0
camera_image_124.png,cylinder,0.05046234454915066,0.11257097023968426,0.0
camera_image_124.png,cylinder,-0.048832440374174724,0.021234044382382106,0.0
camera_image_125.png,cylinder,-0.03397752775445703,-0.020689527953384607,0.0
camera_image_125.png,cube,0.17966192129396424,-0.1777973604491815,-0.7453388006934308
camera_image_125.png,cylinder,-0.07528421059751628,0.07320731265338798,0.0
camera_image_126.png,cylinder,0.09831758694407461,0.012352695698922833,0.0
camera_image_127.png,cylinder,0.11454901325202,0.10732286984059447,0.0
camera_image_127.png,cylinder,0.0989750299470557,-0.049612216201001536,0.0
camera_image_127.png,cube,-0.14680704394227387,-0.05558002217126376,-0.5538441744661565
camera_image_127.png,cube,-0.039425912905311444,0.08508605703305122,0.15479995289917614
camera_image_128.png,cube,0.0532670065798857,-0.06357455432558543,-0.0016443813112179129
camera_image_128.png,cylinder,-0.16592089481054104,0.15889815517251987,0.0
camera_image_128.png,cylinder,-0.09532702397296684,0.009402557897394498,0.0
camera_image_129.png,cube,-0.16167182190146911,0.12316589967004277,-0.36427147706801943
camera_image_129.png,cube,0.08469500378956901,-0.07431616374923453,0.08272381033837306
camera_image_129.png,cube,0.11629364722806007,-0.18518518176167653,-0.30676422240817247
camera_image_129.png,cylinder,-0.004722531880650832,0.15385400171499025,0.0
camera_image_130.png,cylinder,-0.09949821671094453,-0.10168772057757343,0.0
camera_image_130.png,cube,-0.06743942766916247,0.09773932584034445,-0.4523465659370119
camera_image_131.png,cylinder,-0.17417352576146083,-0.16239114820260214,0.0
camera_image_132.png,cylinder,0.01622994451656465,0.16458892274534398,0.0
camera_image_132.png,cylinder,-0.17670214099411324,0.03210112642201324,0.0
camera_image_132.png,cylinder,-0.03207762923424698,-0.0638732534664058,0.0
camera_image_132.png,cylinder,-0.004314340324533289,-0.16984980792305265,0.0
camera_image_133.png,cube,0.18281625133439883,0.03175761739639227,-0.5686912484884841
camera_image_133.png,cylinder,-0.004276323200829657,0.08526734493359894,0.0
camera_image_133.png,cube,0.080507819935412,-0.18671557565570526,-0.41010434526369305
camera_image_133.png,cylinder,-0.051570205547560616,-0.11998128887393152,0.0
camera_image_134.png,cylinder,-0.1694312597765038,0.18659749062992703,0.0
camera_image_134.png,cube,-0.043309781500409456,0.13972529947819162,-0.33110895064027535
camera_image_134.png,cube,0.09519530902553519,-0.03483099487228172,-0.33635737816444894
camera_image_134.png,cylinder,-0.09143286695555958,-0.12926086429873623,0.0
camera_image_134.png,cylinder,-0.19792956285527896,-0.1164484764477881,0.0
camera_image_135.png,cube,-0.03667058609342835,0.12026986728845845,0.22962917564951923
camera_image_135.png,cube,0.029938630716505127,0.035567201760831446,0.1173801900969641
camera_image_136.png,cylinder,-0.07295951888015528,-0.1868284972527573,0.0
camera_image_136.png,cylinder,-0.19862965894439377,0.08679526814664673,0.0
camera_image_136.png,cube,-0.013392972885339388,0.12297598115347819,-0.0957790532282512
camera_image_137.png,cylinder,0.056214494467064946,-0.10605260522263663,0.0
camera_image_137.png,cube,0.11700267531611125,0.12093288839818989,0.7276117579969994
camera_image_138.png,cube,0.19587927543666833,-0.06317493819255124,-0.35571065199743623
camera_image_138.png,cylinder,-0.1342430251836814,-0.12294216518624373,0.0
camera_image_138.png,cylinder,0.09442006076241471,0.1433117350197362,0.0
camera_image_138.png,cube,-0.17143524529915222,0.08415369686617125,0.1965726154231514
camera_image_138.png,cylinder,0.15366024945175266,0.043256684789121536,0.0
camera_image_139.png,cylinder,0.03591215212313714,0.13150341211743954,0.0
camera_image_139.png,cylinder,-0.15160274200903445,-0.017337309371037113,0.0
camera_image_140.png,cylinder,-0.1314362767345027,0.07563598241629915,0.0
camera_image_140.png,cylinder,0.03336709152094458,-0.12524901566990732,0.0
camera_image_140.png,cube,0.16835067958649463,0.02523399774566376,0.24164303849422675
camera_image_140.png,cylinder,0.16165372548073859,0.1478758364143924,0.0
camera_image_141.png,cylinder,0.0001035152529698935,0.0521052835631452,0.0
camera_image_141.png,cylinder,-0.09836071894481356,0.1644899702052547,0.0
camera_image_141.png,cube,-0.07337811697805918,-0.11944979760062645,-0.3782959199128348
camera_image_142.png,cube,-0.11934732689908843,-0.11062000441642642,0.026921647018696704
camera_image_142.png,cube,0.07582436864968012,-0.005926808975387499,0.2381490255168628
camera_image_142.png,cube,0.13714371154322724,0.18753620216020334,-0.44388333359997356
camera_image_142.png,cylinder,-0.12465880350491952,0.05075247704163277,0.0
camera_image_142.png,cube,-0.19182718756783515,-0.18812575320656377,0.04949477964274085
camera_image_143.png,cube,0.024957671946147147,-0.14195011468140106,0.09305468566590125
camera_image_143.png,cylinder,0.19987132557073206,0.18918124538348785,0.0
camera_image_143.png,cylinder,-0.08560900545676314,0.15098180654686527,0.0
camera_image_144.png,cube,-0.008500531454345761,0.11298743630775993,0.5729347316583098
camera_image_145.png,cylinder,-0.13860839089713248,-0.18553401616450202,0.0
camera_image_145.png,cylinder,0.0077705026308468594,0.004645539326536552,0.0
camera_image_145.png,cube,0.09367806862503558,0.10709253150746251,-0.688185247758095
camera_image_146.png,cube,0.05073824639639585,-0.07186380044085469,0.053118884050916804
camera_image_147.png,cylinder,-0.07969760386279821,-0.10496621863733746,0.0
camera_image_148.png,cube,0.1653292505193067,-0.12759512191220368,-0.6927443359088551
camera_image_148.png,cube,0.08799437617233352,-0.04580893002383507,0.7405996278561504
camera_image_149.png,cube,0.01489044058534722,0.08217064682575398,0.5821221218215022
camera_image_149.png,cylinder,0.015223880765010384,-0.11210636981185287,0.0
camera_image_149.png,cube,-0.12622675153654597,0.04260423818161038,-0.30762648753132793
camera_image_149.png,cylinder,-0.18342620504389806,-0.10198192510456777,0.0
camera_image_150.png,cylinder,0.07121683691598368,0.10834115532937899,0.0
camera_image_150.png,cylinder,-0.060343072623737476,0.15835401567999274,0.0
camera_image_150.png,cylinder,-0.01592467442921247,-0.0024246779798273166,0.0
camera_image_151.png,cube,0.17991510712417175,-0.07572985435944855,-0.09110648717350078
camera_image_152.png,cylinder,0.17008251372125027,0.19646904894485756,0.0
camera_image_152.png,cube,-0.11559854128705283,0.10052470346811732,0.5672748582642069
camera_image_152.png,cube,0.16771071572647028,-0.0838525372163327,0.7019476211374942
camera_image_153.png,cylinder,-0.02159560934761559,-0.007409398684403434,0.0
camera_image_153.png,cylinder,-0.12994326145383545,-0.19912155245231503,0.0
camera_image_153.png,cube,-0.006517914295552485,0.14286914284630509,-0.4243623758475413
camera_image_154.png,cube,-0.09244970369622263,-0.1992927522637233,-0.5638799780803441
camera_image_154.png,cube,0.1801318895032462,-0.08566777905784449,-0.5592184637007231
camera_image_154.png,cube,-0.04285535088174308,0.13906232825393444,0.18545465474819767
camera_image_154.png,cube,-0.07799224661804947,-0.051057851774344826,-0.6802396063369963
camera_image_155.png,cylinder,0.14151348816249215,-0.13478612778832733,0.0
camera_image_155.png,cylinder,-0.17820097915459263,0.13779835758766856,0.0
camera_image_155.png,cylinder,-0.09490712776694683,-0.06914309067438956,0.0
camera_image_156.png,cylinder,-0.09333233782194683,-0.17006227226744086,0.0
camera_image_156.png,cylinder,0.029243349630281745,0.09806538171222878,0.0
camera_image_156.png,cube,-0.15644189003152828,-0.05661245497494338,-0.4364060400826817
camera_image_156.png,cube,0.1225524077513836,0.16584952080413745,0.3954477177490421
camera_image_157.png,cylinder,0.11179472767151971,-0.050557912771098085,0.0
camera_image_157.png,cube,0.1393104400375949,-0.1778237089147864,0.42295518204207405
camera_image_157.png,cylinder,-0.09812270664345038,0.15891577597381695,0.0
camera_image_157.png,cube,-0.013180759927958086,0.09693923120590248,-0.6208224122711063
camera_image_158.png,cylinder,-0.079996405715066,0.0333194597472512,0.0
camera_image_158.png,cube,0.12007093981134392,0.07852800772501306,-0.13845626824425294
camera_image_159.png,cylinder,-0.08880178330611255,0.052917514374327235,0.0
camera_image_159.png,cube,-0.18313621195977145,-0.1870112971751858,0.466126537559034
camera_image_159.png,cube,0.036162690644911344,0.10835530441839164,-0.3087102532969854
camera_image_160.png,cylinder,0.09750309663109757,0.16310030528659808,0.0
camera_image_160.png,cube,-0.10486047140944295,-0.11356679756451622,-0.2561474835190095
camera_image_161.png,cube,-0.1273694930066458,0.16218745779602234,0.7245837193589342
camera_image_161.png,cylinder,0.1119329781259451,-0.19513401782792253,0.0
camera_image_161.png,cylinder,0.05022532530690532,0.05822897051802922,0.0
camera_image_162.png,cube,0.17073974295990513,0.047073908601209,-0.24741272902189348
camera_image_163.png,cylinder,-0.18705088307714288,0.09597268271180553,0.0
camera_image_163.png,cube,-0.12734793874082861,-0.013166598293955584,-0.31615673355210144
camera_image_163.png,cube,-0.004317345907941528,-0.14001018327064796,0.7626564708553336
camera_image_164.png,cylinder,-0.17232636586188443,-0.05740084855097552,0.0
camera_image_164.png,cube,0.012244077090837552,0.028551148045126956,-0.4303212115524027
camera_image_164.png,cube,0.15224697485712135,-0.17049372396758225,-0.7842209843518014
camera_image_164.png,cube,-0.0697338137293762,0.1978639405198256,-0.7016225481188848
camera_image_165.png,cylinder,0.17337010594925933,0.09183471930965043,0.0
camera_image_165.png,cylinder,0.06799043756468864,-0.11542665961778781,0.0
camera_image_165.png,cube,-0.11984200777146743,0.19159693912686865,0.05760754746160679
camera_image_166.png,cube,-0.17947395275396386,-0.12732732349193068,0.3680669571664301
camera_image_166.png,cylinder,0.17836252424746657,-0.1491392064536012,0.0
camera_image_167.png,cube,0.16543162158333308,-0.05158074715291147,-0.0707031727387244
camera_image_168.png,cylinder,-0.023741437154742473,0.1486789851734887,0.0
camera_image_168.png,cube,-0.09804023288931214,-0.09920498577249998,0.625261733537928
camera_image_168.png,cube,0.11190284909835291,0.06298623906896073,-0.18692457957808195
camera_image_168.png,cube,0.057461842571567,-0.07394682535089947,0.18595268457714087
camera_image_169.png,cylinder,0.15269883583962057,0.09418217600661072,0.0
camera_image_169.png,cube,-0.14053056997000357,-0.18616176475512514,0.4878129795299029
camera_image_169.png,cube,-0.11749598412284895,0.1344857670454357,-0.08924111776988886
camera_image_169.png,cube,0.048188252337284354,0.016547322371899875,-0.07977712185884067
camera_image_170.png,cylinder,-0.140820812416639,-0.06998050507134299,0.0
camera_image_170.png,cylinder,-0.010007038081782188,-0.1706179404334848,0.0
camera_image_170.png,cylinder,-0.12035796012862626,0.05428811579506665,0.0
camera_image_171.png,cylinder,-0.18289699917747534,0.015443150861362553,0.0
camera_image_171.png,cube,-0.08861410293307403,-0.08984270746652806,-0.46066278261932914
camera_image_172.png,cylinder,-0.13126945806878004,0.017897958974557593,0.0
camera_image_173.png,cylinder,-0.10184402586379555,0.12920605228683119,0.0
camera_image_173.png,cylinder,0.03557003899978897,0.1237488249287867,0.0
camera_image_173.png,cube,0.09072902427448126,-0.011969623243818811,0.6547012074918275
camera_image_173.png,cylinder,-0.16566197904917665,-0.03868969253522625,0.0
camera_image_174.png,cylinder,-0.1292496633372469,-0.03788159510396594,0.0
camera_image_175.png,cylinder,-0.016616358766268075,0.15723550071480463,0.0
camera_image_175.png,cylinder,-0.15698289709907431,-0.15529539624294905,0.0
camera_image_175.png,cube,0.06086942264662365,-0.11141832227452282,0.29925933073739075
camera_image_175.png,cube,0.08706267688182334,0.17381014442733972,0.40679289268587127
camera_image_176.png,cylinder,0.16219283955232366,-0.008779030014504141,0.0
camera_image_177.png,cylinder,-0.028078218468358923,0.1737880028951556,0.0
camera_image_177.png,cylinder,0.13755508579279502,0.19184184062295412,0.0
camera_image_177.png,cube,0.04698629403160512,0.062309955117287597,-0.687529708354709
camera_image_177.png,cube,-0.060663748848414745,-0.13954837438952744,-0.012294972641983981
camera_image_178.png,cube,-0.004436796810266763,0.12051119348795725,0.7222727639872901
camera_image_178.png,cube,0.11376529406205427,0.07766381481658036,-0.38679189783293877
camera_image_178.png,cube,-0.03486992737857059,-0.14248566782904692,-0.14722276468636775
camera_image_178.png,cube,-0.023775458779066977,0.02181161413317545,-0.7273555292271308
camera_image_179.png,cylinder,-0.19298653486859615,-0.07825307615160791,0.0
camera_image_179.png,cylinder,0.0758201557939247,0.16508150251822357,0.0
camera_image_179.png,cube,0.07933188150737092,-0.01775193728600627,-0.14460530303088348
camera_image_179.png,cube,-0.02968594851153411,0.07732823894919605,-0.5601142564565221
camera_image_180.png,cylinder,-0.1277302522722784,-0.1803408428386146,0.0
camera_image_180.png,cube,0.1354981896565815,-0.13005861932311957,0.7223405341486924
camera_image_180.png,cube,-0.0016761647962179327,0.16014057919260793,-0.40216209765606115
camera_image_181.png,cylinder,-0.11362598388141283,-0.11458339822863013,0.0
camera_image_181.png,cylinder,0.05814996051574739,0.0020887436960030925,0.0
camera_image_181.png,cube,-0.16262745259780736,0.0034408565038301364,-0.6641252085740846
camera_image_182.png,cylinder,0.04028542199722854,0.10599633799025421,0.0
camera_image_183.png,cylinder,-0.17347595604624433,0.1331830531964871,0.0
camera_image_184.png,cube,-0.0023757478821059552,-0.07869106164682327,0.5194804678109912
camera_image_184.png,cube,0.11958273012846343,0.11780703685878263,0.6300579828586645
camera_image_184.png,cylinder,-0.13460792397518218,-0.0010677551224818616,0.0
camera_image_184.png,cylinder,-0.012773865519990268,0.17534421920330495,0.0
camera_image_185.png,cube,0.14700697373425692,0.006388189759080121,-0.3507833426834173
camera_image_185.png,cylinder,-0.11076907001704438,0.15357049552072705,0.0
camera_image_186.png,cube,0.044452588212566896,-0.0215669835424587,0.4650286724071391
camera_image_186.png,cube,-0.044037428506087245,0.05306847309893975,0.45881362528890146
camera_image_186.png,cylinder,0.1053457425902799,-0.15687030687879086,0.0
camera_image_187.png,cube,-0.17885709921696935,-0.05838855587983202,0.2505525742478074
camera_image_187.png,cube,-0.017060338755170573,0.06316056325598807,-0.5462345947844551
camera_image_187.png,cylinder,0.05358889945333317,0.19564144096613917,0.0
camera_image_188.png,cube,-0.14802725069070943,0.0811664642165788,0.10908983416269213
camera_image_188.png,cylinder,-0.08045972936173947,-0.12330599250158332,0.0
camera_image_188.png,cylinder,-0.0009029173059563189,0.007030588791770986,0.0
camera_image_188.png,cube,-0.0028519874765448594,0.1864794478689295,-0.28616477390409856
camera_image_189.png,cube,0.0012610713993276845,0.17257942256424869,0.26853590743209255
camera_image_190.png,cylinder,0.06186590305540879,-0.05283124935370773,0.0
camera_image_190.png,cylinder,0.17289532991904427,-0.08174230194984299,0.0
camera_image_190.png,cylinder,-0.13399300024494643,0.15265743689225136,0.0
camera_image_191.png,cylinder,-0.1556794159459555,0.13428292471268644,0.0
camera_image_191.png,cube,0.09816888150783659,-0.019419217578022424,0.6848424678221421
camera_image_192.png,cube,0.04551272469023915,-0.11434759974213811,0.37710426321960555
camera_image_192.png,cube,0.004534876396745657,0.1159887507812381,0.6524200878626267
camera_image_192.png,cube,-0.1517813289468315,0.07946058771259162,-0.6250352529030446
camera_image_192.png,cylinder,-0.10800615074443308,-0.1133179057430426,0.0
camera_image_193.png,cylinder,0.07414703262676109,-0.13772833906913476,0.0
camera_image_194.png,cube,-0.008639357503004541,-0.04092113530518704,0.007573524741362858
camera_image_194.png,cube,0.07300674566447735,0.1939426523414533,-0.0801075234112466
camera_image_195.png,cube,-0.1910388928818586,-0.0026893497867084837,-0.7821843000044914
camera_image_195.png,cylinder,0.05207022351703722,-0.10416458637653814,0.0
camera_image_196.png,cube,-0.10084603868761013,-0.1596215590259103,0.6911850245495634
camera_image_196.png,cylinder,-0.060880040487948955,0.019967831160749017,0.0
camera_image_196.png,cube,0.014238068094701933,-0.18306098916752186,0.16753273922741152
camera_image_197.png,cube,-0.028962226514930606,-0.16724693898727053,-0.26134165131337694
camera_image_197.png,cylinder,-0.1429598925381401,0.07198460154741465,0.0
camera_image_197.png,cube,0.16288245622882352,-0.13671595460122465,0.3124801985632759
camera_image_198.png,cube,0.13610111867422514,-0.1385382212626056,-0.6318371928475477
camera_image_198.png,cube,-0.14985922523762585,0.05806731791138692,-0.10334633557998696
camera_image_198.png,cube,-0.004887234005753582,0.11101749832520363,0.2673422409400048
camera_image_198.png,cube,0.0357222618670327,-0.1109777536798295,0.1999829827307359
camera_image_199.png,cube,0.019545308790141436,0.03766795238342863,-0.5155573237523767
camera_image_199.png,cylinder,0.184123045645598,0.16719125901260434,0.0
camera_image_199.png,cylinder,-0.11281064237030591,0.14588848349101974,0.0
camera_image_199.png,cube,-0.09449842054729936,-0.17153711956886875,0.3507174773460082
camera_image_200.png,cylinder,-0.09146472003424862,-0.1748275679500683,0.0
camera_image_200.png,cube,0.09252741077299892,-0.10701940163279292,0.6320671000170968
camera_image_200.png,cylinder,-0.06927687532013957,-0.07698860363013922,0.0
camera_image_201.png,cylinder,0.16595069394443807,-0.1565094290512915,0.0
camera_image_202.png,cube,0.14677461524324992,0.023507459589359625,-0.5902034467788615
camera_image_202.png,cube,-0.06653558946339286,-0.11727645993205767,0.5211196804782867
camera_image_202.png,cylinder,0.14205265850063153,-0.08956824033841171,0.0
camera_image_202.png,cylinder,-0.012619242001794151,0.11581011173355726,0.0
